{"resourceType":"StructureDefinition","id":"narrative-uv-ips","meta":{"lastUpdated":"2018-03-08T07:42:45.507-06:00"},"text":{"status":"generated","div":"<div xmlns=\"http://www.w3.org/1999/xhtml\"><table border=\"0\" cellpadding=\"0\" cellspacing=\"0\" style=\"border: 0px #F0F0F0 solid; font-size: 11px; font-family: verdana; vertical-align: top;\"><tr style=\"border: 1px #F0F0F0 solid; font-size: 11px; font-family: verdana; vertical-align: top;\"><th style=\"vertical-align: top; text-align : left; background-color: white; border: 0px #F0F0F0 solid; padding:0px 4px 0px 4px\" class=\"hierarchy\"><a href=\"http://hl7.org/fhir/STU3/formats.html#table\" title=\"The logical name of the element\">Name</a></th><th style=\"vertical-align: top; text-align : left; background-color: white; border: 0px #F0F0F0 solid; padding:0px 4px 0px 4px\" class=\"hierarchy\"><a href=\"http://hl7.org/fhir/STU3/formats.html#table\" title=\"Information about the use of the element\">Flags</a></th><th style=\"vertical-align: top; text-align : left; background-color: white; border: 0px #F0F0F0 solid; padding:0px 4px 0px 4px\" class=\"hierarchy\"><a href=\"http://hl7.org/fhir/STU3/formats.html#table\" title=\"Minimum and Maximum # of times the the element can appear in the instance\">Card.</a></th><th style=\"width: 100px\" class=\"hierarchy\"><a href=\"http://hl7.org/fhir/STU3/formats.html#table\" title=\"Reference to the type of the element\">Type</a></th><th style=\"vertical-align: top; text-align : left; background-color: white; border: 0px #F0F0F0 solid; padding:0px 4px 0px 4px\" class=\"hierarchy\"><a href=\"http://hl7.org/fhir/STU3/formats.html#table\" title=\"Additional information about the element\">Description &amp; Constraints</a><span style=\"float: right\"><a href=\"http://hl7.org/fhir/STU3/formats.html#table\" title=\"Legend for this format\"><img src=\"http://hl7.org/fhir/STU3/help16.png\" alt=\"doco\" style=\"background-color: inherit\"/></a></span></th></tr><tr style=\"border: 0px #F0F0F0 solid; padding:0px; vertical-align: top; background-color: white;\"><td style=\"vertical-align: top; text-align : left; background-color: white; border: 0px #F0F0F0 solid; padding:0px 4px 0px 4px; white-space: nowrap; background-image: url(tbl_bck1.png)\" class=\"hierarchy\"><img src=\"tbl_spacer.png\" alt=\".\" style=\"background-color: inherit\" class=\"hierarchy\"/><img src=\"icon_element.gif\" alt=\".\" style=\"background-color: white; background-color: inherit\" title=\"Element\" class=\"hierarchy\"/> <a href=\"StructureDefinition-narrative-uv-ips-definitions.html#Narrative\" title=\"null\">Narrative</a><a name=\"Narrative\"> </a></td><td style=\"vertical-align: top; text-align : left; background-color: white; border: 0px #F0F0F0 solid; padding:0px 4px 0px 4px\" class=\"hierarchy\"/><td style=\"vertical-align: top; text-align : left; background-color: white; border: 0px #F0F0F0 solid; padding:0px 4px 0px 4px\" class=\"hierarchy\"><span style=\"opacity: 0.4\">0</span><span style=\"opacity: 0.5\">..</span><span style=\"opacity: 0.4\">*</span></td><td style=\"vertical-align: top; text-align : left; background-color: white; border: 0px #F0F0F0 solid; padding:0px 4px 0px 4px\" class=\"hierarchy\"/><td style=\"vertical-align: top; text-align : left; background-color: white; border: 0px #F0F0F0 solid; padding:0px 4px 0px 4px\" class=\"hierarchy\"/></tr>\r\n<tr style=\"border: 0px #F0F0F0 solid; padding:0px; vertical-align: top; background-color: white;\"><td style=\"vertical-align: top; text-align : left; background-color: white; border: 0px #F0F0F0 solid; padding:0px 4px 0px 4px; white-space: nowrap; background-image: url(tbl_bck04.png)\" class=\"hierarchy\"><img src=\"tbl_spacer.png\" alt=\".\" style=\"background-color: inherit\" class=\"hierarchy\"/><img src=\"tbl_vjoin_end.png\" alt=\".\" style=\"background-color: inherit\" class=\"hierarchy\"/><img src=\"icon_extension_complex.png\" alt=\".\" style=\"background-color: white; background-color: inherit\" title=\"Complex Extension\" class=\"hierarchy\"/> <a href=\"StructureDefinition-narrative-uv-ips-definitions.html#Narrative.extension:translateddiv\" title=\"Extension URL = http://hl7.org/fhir/ips/StructureDefinition/translateddiv-uv-ips\">translateddiv-uv-ips</a><a name=\"Narrative.extension\"> </a></td><td style=\"vertical-align: top; text-align : left; background-color: white; border: 0px #F0F0F0 solid; padding:0px 4px 0px 4px\" class=\"hierarchy\"/><td style=\"vertical-align: top; text-align : left; background-color: white; border: 0px #F0F0F0 solid; padding:0px 4px 0px 4px\" class=\"hierarchy\"><span style=\"opacity: 0.4\">0</span><span style=\"opacity: 0.5\">..</span><span style=\"opacity: 0.4\">*</span></td><td style=\"vertical-align: top; text-align : left; background-color: white; border: 0px #F0F0F0 solid; padding:0px 4px 0px 4px\" class=\"hierarchy\">(Complex)</td><td style=\"vertical-align: top; text-align : left; background-color: white; border: 0px #F0F0F0 solid; padding:0px 4px 0px 4px\" class=\"hierarchy\">Translated Narrative<br/><span style=\"font-weight:bold\">URL: </span><a href=\"http://hl7.org/fhir/STU3/StructureDefinition-translateddiv-uv-ips.html\">http://hl7.org/fhir/ips/StructureDefinition/translateddiv-uv-ips</a><br/></td></tr>\r\n<tr><td colspan=\"5\" class=\"hierarchy\"><br/><a href=\"http://hl7.org/fhir/STU3/formats.html#table\" title=\"Legend for this format\"><img src=\"http://hl7.org/fhir/STU3/help16.png\" alt=\"doco\" style=\"background-color: inherit\"/> Documentation for this format</a></td></tr></table></div>"},"url":"http://hl7.org/fhir/ips/StructureDefinition/narrative-uv-ips","version":"1","name":"Narrative-uv-ips","status":"draft","date":"2018-03-08T07:31:40-06:00","description":"Profiled Narrative data type, designed to support the translation of the narratives","jurisdiction":[{"coding":[{"system":"http://unstats.un.org/unsd/methods/m49/m49.htm","code":"001","display":"World"}]}],"fhirVersion":"3.0.1","mapping":[{"identity":"rim","uri":"http://hl7.org/v3","name":"RIM Mapping"}],"kind":"complex-type","abstract":false,"type":"Narrative","baseDefinition":"http://hl7.org/fhir/StructureDefinition/Narrative","derivation":"constraint","snapshot":{"element":[{"id":"Narrative","path":"Narrative","short":"A human-readable formatted text, including images","definition":"A human-readable formatted text, including images.","min":0,"max":"*","base":{"path":"Narrative","min":0,"max":"*"},"condition":["ele-1"],"constraint":[{"key":"ele-1","severity":"error","human":"All FHIR elements must have a @value or children","expression":"hasValue() | (children().count() > id.count())","xpath":"@value|f:*|h:div","source":"Element"}],"mapping":[{"identity":"rim","map":"n/a"},{"identity":"rim","map":"N/A"}]},{"id":"Narrative.id","path":"Narrative.id","representation":["xmlAttr"],"short":"xml:id (or equivalent in JSON)","definition":"unique id for the element within a resource (for internal references). This may be any string value that does not contain spaces.","min":0,"max":"1","base":{"path":"Element.id","min":0,"max":"1"},"type":[{"code":"string"}],"mapping":[{"identity":"rim","map":"n/a"}]},{"id":"Narrative.extension","path":"Narrative.extension","slicing":{"discriminator":[{"type":"value","path":"url"}],"description":"Extensions are always sliced by (at least) url","rules":"open"},"short":"Extension","definition":"An Extension","min":0,"max":"*","base":{"path":"Element.extension","min":0,"max":"*"},"type":[{"code":"Extension"}]},{"id":"Narrative.extension:translateddiv","path":"Narrative.extension","sliceName":"translatedDiv","short":"Translated Narrative","definition":"Optional Extension Element - found in all resources.","min":0,"max":"*","base":{"path":"Element.extension","min":0,"max":"*"},"type":[{"code":"Extension","profile":["http://hl7.org/fhir/ips/StructureDefinition/translateddiv-uv-ips"]}]},{"id":"Narrative.status","path":"Narrative.status","short":"generated | extensions | additional | empty","definition":"The status of the narrative - whether it's entirely generated (from just the defined data or the extensions too), or whether a human authored it and it may contain additional data.","min":1,"max":"1","base":{"path":"Narrative.status","min":1,"max":"1"},"type":[{"code":"code"}],"binding":{"extension":[{"url":"http://hl7.org/fhir/StructureDefinition/elementdefinition-bindingName","valueString":"NarrativeStatus"}],"strength":"required","description":"The status of a resource narrative","valueSetCanonical":"http://hl7.org/fhir/ValueSet/narrative-status"},"mapping":[{"identity":"rim","map":"N/A"}]},{"id":"Narrative.div","path":"Narrative.div","short":"Limited xhtml content","definition":"The actual narrative content, a stripped down version of XHTML.","comment":"The contents of the html element are an XHTML fragment containing only the basic html formatting elements described in chapters 7-11 and 15 of the HTML 4.0 standard, <a> elements (either name or href), images and internally contained stylesheets. The XHTML content may not contain a head, a body, external stylesheet references, scripts, forms, base/link/xlink, frames, iframes and objects.","min":1,"max":"1","base":{"path":"Narrative.div","min":1,"max":"1"},"type":[{"code":"xhtml"}],"constraint":[{"key":"txt-1","severity":"error","human":"The narrative SHALL contain only the basic html formatting elements and attributes described in chapters 7-11 (except section 4 of chapter 9) and 15 of the HTML 4.0 standard, <a> elements (either name or href), images and internally contained style attributes","expression":"htmlchecks()","xpath":"not(descendant-or-self::*[not(local-name(.)=('a', 'abbr', 'acronym', 'b', 'big', 'blockquote', 'br', 'caption', 'cite', 'code', 'col', 'colgroup', 'dd', 'dfn', 'div', 'dl', 'dt', 'em', 'h1', 'h2', 'h3', 'h4', 'h5', 'h6', 'hr', 'i', 'img', 'li', 'ol', 'p', 'pre', 'q', 'samp', 'small', 'span', 'strong', 'sub', 'sup', 'table', 'tbody', 'td', 'tfoot', 'th', 'thead', 'tr', 'tt', 'ul', 'var'))]) and not(descendant-or-self::*/@*[not(name(.)=('abbr', 'accesskey', 'align', 'alt', 'axis', 'bgcolor', 'border', 'cellhalign', 'cellpadding', 'cellspacing', 'cellvalign', 'char', 'charoff', 'charset', 'cite', 'class', 'colspan', 'compact', 'coords', 'dir', 'frame', 'headers', 'height', 'href', 'hreflang', 'hspace', 'id', 'lang', 'longdesc', 'name', 'nowrap', 'rel', 'rev', 'rowspan', 'rules', 'scope', 'shape', 'span', 'src', 'start', 'style', 'summary', 'tabindex', 'title', 'type', 'valign', 'value', 'vspace', 'width'))])"},{"key":"txt-2","severity":"error","human":"The narrative SHALL have some non-whitespace content","expression":"htmlchecks()","xpath":"descendant::text()[normalize-space(.)!=''] or descendant::h:img[@src]"}],"mapping":[{"identity":"rim","map":"N/A"}]}]},"differential":{"element":[{"id":"Narrative","path":"Narrative"},{"id":"Narrative.extension","path":"Narrative.extension","slicing":{"discriminator":[{"type":"value","path":"url"}],"rules":"open"}},{"id":"Narrative.extension:translateddiv","path":"Narrative.extension","sliceName":"translatedDiv","short":"Translated Narrative","definition":"Optional Extension Element - found in all resources.","min":0,"max":"*","type":[{"code":"Extension","profile":["http://hl7.org/fhir/ips/StructureDefinition/translateddiv-uv-ips"]}]}]}}